{"train_loss": [0.009090386050957022, 0.0031910493635223247, 0.0034091553607140668, 0.0031712315940239932, 0.003050509469176177, 0.0023122856473491993, 0.0022640968363702996, 0.0028816408612328814, 0.002806378193781711, 0.0027356469854566967, 0.0020529989615170052, 0.0020571284785546595, 0.002065433733150712, 0.00218221970317245, 0.0021470482024597004, 0.0020486947669269284, 0.0020330610077508027, 0.0020047648777108407, 0.0020632220912375487, 0.002134434380423045, 0.00205007595832285, 0.0020241963775333716, 0.002011840389968711, 0.002007514973229263, 0.002036631471128203, 0.0020100391702726483, 0.002000153055632836, 0.002005754342462751, 0.001971445077288081, 0.0019779527574428357, 0.001968392822163878, 0.001976754556380911], "val_loss": [0.0021844502688119455, 0.00460394742965166, 0.002764803290899311, 0.002410929117883955, 0.002139407426251897, 0.001928851831637855, 0.0021829542238265276, 0.0019383063107462867, 0.003649236135450857, 0.001992131633284901, 0.0018893457100992756, 0.0019964591816200744, 0.002062788665560739, 0.002064921718556434, 0.002164509563174631, 0.0020584860716813375, 0.002053466733611588, 0.001862990653275379, 0.0019762495565893395, 0.0019094198110646435, 0.0018811825180559286, 0.0020110981006707463, 0.0018603468363705491, 0.0018441572486023819, 0.0021604073366948535, 0.001905839183434312, 0.0018937259779444762, 0.0019489357364363968, 0.0018899137919236506, 0.001992783567402512, 0.0018854941008612514, 0.0018599313999792294]}