{"train_loss": [0.7012662960558521, 0.6945411368292205, 0.6924799656381413, 0.6942136445823981, 0.6935555886249153, 0.6945162257369684, 0.6918167885468931, 0.6921445009659748, 0.6921881181853158, 0.6928732820919582, 0.6919928266077625, 0.6917226715963714], "val_loss": [0.6923661530017853, 0.6916387021541596, 0.6919619560241699, 0.692308658361435, 0.6926491498947144, 0.6921794950962067, 0.6922014355659485, 0.6922325670719147, 0.6920551836490632, 0.6921845078468323, 0.692455667257309, 0.692333561182022], "train_acc": [0.5051020408163265, 0.5108418367346939, 0.5223214285714286, 0.514030612244898, 0.5165816326530612, 0.5175382653061225, 0.5235969387755102, 0.5178571428571429, 0.5159438775510204, 0.5175382653061225, 0.5210459183673469, 0.5290178571428571], "val_acc": [0.512779552715655, 0.5207667731629393, 0.5207667731629393, 0.5207667731629393, 0.5207667731629393, 0.5207667731629393, 0.5207667731629393, 0.5207667731629393, 0.5207667731629393, 0.5207667731629393, 0.5207667731629393, 0.5207667731629393]}